case,family,mode,workers,operations_per_worker,producers,records_per_producer,capacity,repetitions,median_elapsed_seconds,median_rate,min_rate,max_rate,median_lost_updates
sync-process-unsafe,sync,process-unsafe,4,100000,,,,7,0.000426,939271407.169459,608017316.333169,1203373054.672246,0
sync-threads-mutex,sync,threads-mutex,4,100000,,,,7,0.018031,22184413.818738,19461266.411747,25167575.153211,
sync-process-sem,sync,process-sem,4,100000,,,,7,5.924643,67514.613644,65867.184221,68588.470302,
ipc-pipe,ipc,pipe,,,4,20000,,7,0.347206,230410.599551,173671.913241,802621.683467,
ipc-fifo,ipc,fifo,,,4,20000,,7,0.349634,228810.856906,168840.796895,459359.513537,
ipc-shm-mailbox,ipc,shm-mailbox,,,4,20000,,7,2.741686,29179.123928,20445.248599,33639.933646,
ipc-shm-ring-cap1,ipc,shm-ring,,,4,20000,1,7,3.740384,21388.178463,19910.255776,21629.374349,
ipc-shm-ring-cap8,ipc,shm-ring,,,4,20000,8,7,1.819331,43972.197650,41224.950958,50090.617182,
ipc-shm-ring-cap64,ipc,shm-ring,,,4,20000,64,7,2.200774,36350.854676,22392.366921,38301.236426,
ipc-shm-ring-cap256,ipc,shm-ring,,,4,20000,256,7,2.318942,34498.496032,27308.570557,38061.833308,
ipc-shm-ring-cap1024,ipc,shm-ring,,,4,20000,1024,7,2.419894,33059.297434,30247.880934,34210.413778,
