case,repetition,family,mode,workers,operations_per_worker,producers,records_per_producer,capacity,expected,observed,received,lost_updates,missing,duplicates,corrupted,out_of_range,validation_pass,elapsed_seconds,rate
sync-process-unsafe,1,sync,process-unsafe,4,100000,,,,400000,400000,,0,,,,,,0.000658,608017316.333169
sync-process-unsafe,2,sync,process-unsafe,4,100000,,,,400000,309497,,90503,,,,,,0.000332,1203373054.672246
sync-process-unsafe,3,sync,process-unsafe,4,100000,,,,400000,305499,,94501,,,,,,0.000398,1004949375.675200
sync-process-unsafe,4,sync,process-unsafe,4,100000,,,,400000,400000,,0,,,,,,0.000426,939271407.169459
sync-process-unsafe,5,sync,process-unsafe,4,100000,,,,400000,400000,,0,,,,,,0.000372,1075728604.430388
sync-process-unsafe,6,sync,process-unsafe,4,100000,,,,400000,400000,,0,,,,,,0.000575,695261618.256180
sync-process-unsafe,7,sync,process-unsafe,4,100000,,,,400000,382721,,17279,,,,,,0.000463,863207506.452476
sync-threads-mutex,1,sync,threads-mutex,4,100000,,,,400000,400000,,0,,,,,,0.016355,24457712.889563
sync-threads-mutex,2,sync,threads-mutex,4,100000,,,,400000,400000,,0,,,,,,0.018031,22184413.818738
sync-threads-mutex,3,sync,threads-mutex,4,100000,,,,400000,400000,,0,,,,,,0.019028,21021688.759498
sync-threads-mutex,4,sync,threads-mutex,4,100000,,,,400000,400000,,0,,,,,,0.017230,23215976.956750
sync-threads-mutex,5,sync,threads-mutex,4,100000,,,,400000,400000,,0,,,,,,0.015893,25167575.153211
sync-threads-mutex,6,sync,threads-mutex,4,100000,,,,400000,400000,,0,,,,,,0.018129,22064264.155136
sync-threads-mutex,7,sync,threads-mutex,4,100000,,,,400000,400000,,0,,,,,,0.020554,19461266.411747
sync-process-sem,1,sync,process-sem,4,100000,,,,400000,400000,,0,,,,,,6.072827,65867.184221
sync-process-sem,2,sync,process-sem,4,100000,,,,400000,400000,,0,,,,,,6.062666,65977.576863
sync-process-sem,3,sync,process-sem,4,100000,,,,400000,400000,,0,,,,,,5.904563,67744.216838
sync-process-sem,4,sync,process-sem,4,100000,,,,400000,400000,,0,,,,,,5.847929,68400.286649
sync-process-sem,5,sync,process-sem,4,100000,,,,400000,400000,,0,,,,,,5.926052,67498.565323
sync-process-sem,6,sync,process-sem,4,100000,,,,400000,400000,,0,,,,,,5.831884,68588.470302
sync-process-sem,7,sync,process-sem,4,100000,,,,400000,400000,,0,,,,,,5.924643,67514.613644
ipc-pipe,1,ipc,pipe,,,4,20000,,80000,,80000,,0,0,0,0,1,0.099673,802621.683467
ipc-pipe,2,ipc,pipe,,,4,20000,,80000,,80000,,0,0,0,0,1,0.382607,209092.100251
ipc-pipe,3,ipc,pipe,,,4,20000,,80000,,80000,,0,0,0,0,1,0.347206,230410.599551
ipc-pipe,4,ipc,pipe,,,4,20000,,80000,,80000,,0,0,0,0,1,0.202971,394145.024923
ipc-pipe,5,ipc,pipe,,,4,20000,,80000,,80000,,0,0,0,0,1,0.459042,174275.889290
ipc-pipe,6,ipc,pipe,,,4,20000,,80000,,80000,,0,0,0,0,1,0.460639,173671.913241
ipc-pipe,7,ipc,pipe,,,4,20000,,80000,,80000,,0,0,0,0,1,0.106333,752351.651419
ipc-fifo,1,ipc,fifo,,,4,20000,,80000,,80000,,0,0,0,0,1,0.473819,168840.796895
ipc-fifo,2,ipc,fifo,,,4,20000,,80000,,80000,,0,0,0,0,1,0.174156,459359.513537
ipc-fifo,3,ipc,fifo,,,4,20000,,80000,,80000,,0,0,0,0,1,0.446587,179136.390760
ipc-fifo,4,ipc,fifo,,,4,20000,,80000,,80000,,0,0,0,0,1,0.396724,201651.738464
ipc-fifo,5,ipc,fifo,,,4,20000,,80000,,80000,,0,0,0,0,1,0.202106,395831.896072
ipc-fifo,6,ipc,fifo,,,4,20000,,80000,,80000,,0,0,0,0,1,0.349634,228810.856906
ipc-fifo,7,ipc,fifo,,,4,20000,,80000,,80000,,0,0,0,0,1,0.182336,438750.063372
ipc-shm-mailbox,1,ipc,shm-mailbox,,,4,20000,,80000,,80000,,0,0,0,0,1,2.741686,29179.123928
ipc-shm-mailbox,2,ipc,shm-mailbox,,,4,20000,,80000,,80000,,0,0,0,0,1,2.400727,33323.242014
ipc-shm-mailbox,3,ipc,shm-mailbox,,,4,20000,,80000,,80000,,0,0,0,0,1,2.378126,33639.933646
ipc-shm-mailbox,4,ipc,shm-mailbox,,,4,20000,,80000,,80000,,0,0,0,0,1,2.457941,32547.573119
ipc-shm-mailbox,5,ipc,shm-mailbox,,,4,20000,,80000,,80000,,0,0,0,0,1,2.954113,27080.890562
ipc-shm-mailbox,6,ipc,shm-mailbox,,,4,20000,,80000,,80000,,0,0,0,0,1,3.815404,20967.635522
ipc-shm-mailbox,7,ipc,shm-mailbox,,,4,20000,,80000,,80000,,0,0,0,0,1,3.912890,20445.248599
ipc-shm-ring-cap1,1,ipc,shm-ring,,,4,20000,1,80000,,80000,,0,0,0,0,1,3.736520,21410.297180
ipc-shm-ring-cap1,2,ipc,shm-ring,,,4,20000,1,80000,,80000,,0,0,0,0,1,3.698674,21629.374349
ipc-shm-ring-cap1,3,ipc,shm-ring,,,4,20000,1,80000,,80000,,0,0,0,0,1,3.765129,21247.613768
ipc-shm-ring-cap1,4,ipc,shm-ring,,,4,20000,1,80000,,80000,,0,0,0,0,1,3.740384,21388.178463
ipc-shm-ring-cap1,5,ipc,shm-ring,,,4,20000,1,80000,,80000,,0,0,0,0,1,3.842816,20818.068235
ipc-shm-ring-cap1,6,ipc,shm-ring,,,4,20000,1,80000,,80000,,0,0,0,0,1,4.018030,19910.255776
ipc-shm-ring-cap1,7,ipc,shm-ring,,,4,20000,1,80000,,80000,,0,0,0,0,1,3.712538,21548.600961
ipc-shm-ring-cap8,1,ipc,shm-ring,,,4,20000,8,80000,,80000,,0,0,0,0,1,1.705156,46916.522845
ipc-shm-ring-cap8,2,ipc,shm-ring,,,4,20000,8,80000,,80000,,0,0,0,0,1,1.819331,43972.197650
ipc-shm-ring-cap8,3,ipc,shm-ring,,,4,20000,8,80000,,80000,,0,0,0,0,1,1.597105,50090.617182
ipc-shm-ring-cap8,4,ipc,shm-ring,,,4,20000,8,80000,,80000,,0,0,0,0,1,1.775018,45069.965894
ipc-shm-ring-cap8,5,ipc,shm-ring,,,4,20000,8,80000,,80000,,0,0,0,0,1,1.900801,42087.519171
ipc-shm-ring-cap8,6,ipc,shm-ring,,,4,20000,8,80000,,80000,,0,0,0,0,1,1.940572,41224.950958
ipc-shm-ring-cap8,7,ipc,shm-ring,,,4,20000,8,80000,,80000,,0,0,0,0,1,1.920977,41645.482651
ipc-shm-ring-cap64,1,ipc,shm-ring,,,4,20000,64,80000,,80000,,0,0,0,0,1,3.572646,22392.366921
ipc-shm-ring-cap64,2,ipc,shm-ring,,,4,20000,64,80000,,80000,,0,0,0,0,1,2.172556,36822.984127
ipc-shm-ring-cap64,3,ipc,shm-ring,,,4,20000,64,80000,,80000,,0,0,0,0,1,2.187958,36563.769987
ipc-shm-ring-cap64,4,ipc,shm-ring,,,4,20000,64,80000,,80000,,0,0,0,0,1,2.088705,38301.236426
ipc-shm-ring-cap64,5,ipc,shm-ring,,,4,20000,64,80000,,80000,,0,0,0,0,1,2.292355,34898.604739
ipc-shm-ring-cap64,6,ipc,shm-ring,,,4,20000,64,80000,,80000,,0,0,0,0,1,2.200774,36350.854676
ipc-shm-ring-cap64,7,ipc,shm-ring,,,4,20000,64,80000,,80000,,0,0,0,0,1,2.259920,35399.476432
ipc-shm-ring-cap256,1,ipc,shm-ring,,,4,20000,256,80000,,80000,,0,0,0,0,1,2.101843,38061.833308
ipc-shm-ring-cap256,2,ipc,shm-ring,,,4,20000,256,80000,,80000,,0,0,0,0,1,2.211813,36169.426584
ipc-shm-ring-cap256,3,ipc,shm-ring,,,4,20000,256,80000,,80000,,0,0,0,0,1,2.166894,36919.208545
ipc-shm-ring-cap256,4,ipc,shm-ring,,,4,20000,256,80000,,80000,,0,0,0,0,1,2.367071,33797.048140
ipc-shm-ring-cap256,5,ipc,shm-ring,,,4,20000,256,80000,,80000,,0,0,0,0,1,2.318942,34498.496032
ipc-shm-ring-cap256,6,ipc,shm-ring,,,4,20000,256,80000,,80000,,0,0,0,0,1,2.929483,27308.570557
ipc-shm-ring-cap256,7,ipc,shm-ring,,,4,20000,256,80000,,80000,,0,0,0,0,1,2.750684,29083.670250
ipc-shm-ring-cap1024,1,ipc,shm-ring,,,4,20000,1024,80000,,80000,,0,0,0,0,1,2.597660,30796.949670
ipc-shm-ring-cap1024,2,ipc,shm-ring,,,4,20000,1024,80000,,80000,,0,0,0,0,1,2.644813,30247.880934
ipc-shm-ring-cap1024,3,ipc,shm-ring,,,4,20000,1024,80000,,80000,,0,0,0,0,1,2.381997,33585.269411
ipc-shm-ring-cap1024,4,ipc,shm-ring,,,4,20000,1024,80000,,80000,,0,0,0,0,1,2.437682,32818.067911
ipc-shm-ring-cap1024,5,ipc,shm-ring,,,4,20000,1024,80000,,80000,,0,0,0,0,1,2.338469,34210.413778
ipc-shm-ring-cap1024,6,ipc,shm-ring,,,4,20000,1024,80000,,80000,,0,0,0,0,1,2.419894,33059.297434
ipc-shm-ring-cap1024,7,ipc,shm-ring,,,4,20000,1024,80000,,80000,,0,0,0,0,1,2.389938,33473.674209
