run_id,started,status,family,mode,workers_or_producers,items_per_worker_or_producer,capacity,batch_size,planned_repetitions,accepted_samples,failures,correctness,rate_unit,median_rate,min_rate,max_rate,expected_per_execution,observed_min,observed_max,missing_total,duplicates_total,corrupted_total,out_of_range_total,lost_updates_total
3b2d8a3f4ffc45bb8bf41a3622e2b3e1,2026-09-18T09:03:01.182814+00:00,COMPLETE,ipc,shm-ring,1,2000,2,,4,4,0,PASS,records/sec,91414.3584665,74852.075457,107196.089572,2000,2000,2000,0,0,0,0,
3b2d8a3f4ffc45bb8bf41a3622e2b3e1,2026-09-18T09:03:01.182814+00:00,COMPLETE,ipc,shm-ring,1,2000,64,,4,4,0,PASS,records/sec,193361.853199,150076.587835,207518.778893,2000,2000,2000,0,0,0,0,
3b2d8a3f4ffc45bb8bf41a3622e2b3e1,2026-09-18T09:03:01.182814+00:00,COMPLETE,ipc,shm-ring,1,10000,2,,4,4,0,PASS,records/sec,107507.4512365,106468.0875,108908.981192,10000,10000,10000,0,0,0,0,
3b2d8a3f4ffc45bb8bf41a3622e2b3e1,2026-09-18T09:03:01.182814+00:00,COMPLETE,ipc,shm-ring,1,10000,64,,4,4,0,PASS,records/sec,219371.9671305,209011.497263,231022.879674,10000,10000,10000,0,0,0,0,
3b2d8a3f4ffc45bb8bf41a3622e2b3e1,2026-09-18T09:03:01.182814+00:00,COMPLETE,ipc,shm-ring,2,2000,2,,4,4,0,PASS,records/sec,103488.8297235,88523.258324,111395.224632,4000,4000,4000,0,0,0,0,
3b2d8a3f4ffc45bb8bf41a3622e2b3e1,2026-09-18T09:03:01.182814+00:00,COMPLETE,ipc,shm-ring,2,2000,64,,4,4,0,PASS,records/sec,132961.974262,130317.936997,148571.902728,4000,4000,4000,0,0,0,0,
3b2d8a3f4ffc45bb8bf41a3622e2b3e1,2026-09-18T09:03:01.182814+00:00,COMPLETE,ipc,shm-ring,2,10000,2,,4,4,0,PASS,records/sec,103209.385122,97539.118283,124408.333405,20000,20000,20000,0,0,0,0,
3b2d8a3f4ffc45bb8bf41a3622e2b3e1,2026-09-18T09:03:01.182814+00:00,COMPLETE,ipc,shm-ring,2,10000,64,,4,4,0,PASS,records/sec,151194.6503475,128167.245747,154326.676069,20000,20000,20000,0,0,0,0,
3b2d8a3f4ffc45bb8bf41a3622e2b3e1,2026-09-18T09:03:01.182814+00:00,COMPLETE,ipc,shm-ring-batch,1,2000,2,2,4,4,0,PASS,records/sec,94844.3311055,85015.271931,98630.9336,2000,2000,2000,0,0,0,0,
3b2d8a3f4ffc45bb8bf41a3622e2b3e1,2026-09-18T09:03:01.182814+00:00,COMPLETE,ipc,shm-ring-batch,1,2000,64,8,4,4,0,PASS,records/sec,354312.0649755,271497.106995,391770.699744,2000,2000,2000,0,0,0,0,
3b2d8a3f4ffc45bb8bf41a3622e2b3e1,2026-09-18T09:03:01.182814+00:00,COMPLETE,ipc,shm-ring-batch,1,10000,2,2,4,4,0,PASS,records/sec,100411.745542,92483.728968,102728.887074,10000,10000,10000,0,0,0,0,
3b2d8a3f4ffc45bb8bf41a3622e2b3e1,2026-09-18T09:03:01.182814+00:00,COMPLETE,ipc,shm-ring-batch,1,10000,64,8,4,4,0,PASS,records/sec,420151.129204,396452.338321,430100.275299,10000,10000,10000,0,0,0,0,
3b2d8a3f4ffc45bb8bf41a3622e2b3e1,2026-09-18T09:03:01.182814+00:00,COMPLETE,ipc,shm-ring-batch,2,2000,2,2,4,4,0,PASS,records/sec,88320.6906535,70466.940549,93536.219317,4000,4000,4000,0,0,0,0,
3b2d8a3f4ffc45bb8bf41a3622e2b3e1,2026-09-18T09:03:01.182814+00:00,COMPLETE,ipc,shm-ring-batch,2,2000,64,8,4,4,0,PASS,records/sec,361908.197026,350156.975372,449160.278017,4000,4000,4000,0,0,0,0,
3b2d8a3f4ffc45bb8bf41a3622e2b3e1,2026-09-18T09:03:01.182814+00:00,COMPLETE,ipc,shm-ring-batch,2,10000,2,2,4,4,0,PASS,records/sec,100079.64963150001,89411.334816,102789.738163,20000,20000,20000,0,0,0,0,
3b2d8a3f4ffc45bb8bf41a3622e2b3e1,2026-09-18T09:03:01.182814+00:00,COMPLETE,ipc,shm-ring-batch,2,10000,64,8,4,4,0,PASS,records/sec,465360.06221400003,453357.112821,495379.06691,20000,20000,20000,0,0,0,0,
